{"main":"american-flights-api.raml","name":"American Flights API","organizationId":"82f38a59-1375-4172-b041-d5e277f5777e","groupId":"82f38a59-1375-4172-b041-d5e277f5777e","assetId":"american-flights-api","version":"1.0.1","metadata":{"branchId":"master","commitId":"b59ca3722e94a25902e9f2c3a06b1f60d1b6b04b","projectId":"b823406d-14f4-4628-8246-7f2b1a63d246"},"apiVersion":"v1","classifier":"raml","dependencies":[{"assetId":"training-american-flight-data-type","groupId":"68ef9520-24e9-4cf2-b2f5-620025690913","version":"1.0.1"},{"assetId":"training-american-flights-example","groupId":"68ef9520-24e9-4cf2-b2f5-620025690913","version":"1.0.1"}],"tags":[],"originalFormatVersion":"1.0"}